shot_id;filename;begin_frame;face_1;face_2;face_3;notes;
1;camera shots_Sub_01;00:00:00:00;mod_f;mod_m;;;
2;camera shots_Sub_02;00:00:07:05;;;;intro;
3;camera shots_Sub_03;00:00:18:21;mod_f;mod_m;;;
4;camera shots_Sub_04;00:00:20:00;mod_f;mod_m;;;
5;camera shots_Sub_05;00:00:33:10;mod_f;mod_m;;;
6;camera shots_Sub_06;00:00:36:17;mod_m;;;;
7;camera shots_Sub_07;00:00:47:08;mod_f;mod_m;;;
8;camera shots_Sub_08;00:00:50:06;mod_f;;;;
9;camera shots_Sub_09;00:01:01:22;mod_f;mod_m;;;
10;camera shots_Sub_10;00:01:04:21;mod_f;mod_m;;;
11;camera shots_Sub_11;00:01:10:17;Marijnissen;;;;
12;camera shots_Sub_12;00:01:21:06;mod_f;mod_m;;;
13;camera shots_Sub_13;00:01:25:16;Klaver;;;;
14;camera shots_Sub_14;00:01:32:09;mod_f;mod_m;;;
15;camera shots_Sub_15;00:01:37:11;Kaag;;;;
16;camera shots_Sub_16;00:01:46:20;mod_f;mod_m;;;
17;camera shots_Sub_17;00:01:49:01;mod_f;mod_m;;;
18;camera shots_Sub_18;00:01:51:07;Hoekstra;;;;
19;camera shots_Sub_19;00:01:59:04;mod_f;mod_m;;;
20;camera shots_Sub_20;00:02:02:23;Wilders;;;;
21;camera shots_Sub_21;00:02:10:23;mod_f;mod_m;;;
22;camera shots_Sub_22;00:02:14:13;mod_f;mod_m;;;
23;camera shots_Sub_23;00:02:17:16;Rutte;;;;
24;camera shots_Sub_24;00:02:25:22;;;;groupshot;
25;camera shots_Sub_25;00:02:33:13;mod_f;;;;
26;camera shots_Sub_26;00:02:36:01;;;;groupshot;
27;camera shots_Sub_27;00:02:42:01;Wilders;;;;
28;camera shots_Sub_28;00:02:44:21;mod_m;;;;
29;camera shots_Sub_29;00:02:47:16;Marijnissen;;;;
30;camera shots_Sub_30;00:02:51:06;Rutte;;;;
31;camera shots_Sub_31;00:02:53:22;group;;;;
32;camera shots_Sub_32;00:02:56:23;Klaver;;;;
33;camera shots_Sub_33;00:03:00:17;Rutte;;;;
34;camera shots_Sub_34;00:03:04:01;Marijnissen;;;;
35;camera shots_Sub_35;00:03:07:11;mod_m;;;;
36;camera shots_Sub_36;00:03:11:09;Hoekstra;;;;
37;camera shots_Sub_37;00:03:14:15;Kaag;;;;
38;camera shots_Sub_38;00:03:17:12;mod_m;;;;
39;camera shots_Sub_39;00:03:21:23;Hoekstra;;;;
40;camera shots_Sub_40;00:03:24:13;mod_m;;;;
41;camera shots_Sub_41;00:03:27:20;mod_f;;;;
42;camera shots_Sub_42;00:03:29:10;mod_f;;;;
43;camera shots_Sub_43;00:03:41:15;;;;groupshot;
44;camera shots_Sub_44;00:03:45:06;;;;audience;
45;camera shots_Sub_45;00:03:51:00;mod_f;;;audience;
46;camera shots_Sub_46;00:03:55:05;;;;audience;
47;camera shots_Sub_47;00:03:59:18;Kaag;;;;
48;camera shots_Sub_48;00:04:03:05;mod_f;;;;
49;camera shots_Sub_49;00:04:39:13;Klaver;;;;
50;camera shots_Sub_50;00:04:42:16;Marijnissen;;;;
51;camera shots_Sub_51;00:04:45:15;mod_f;;;;
52;camera shots_Sub_52;00:04:52:23;Kaag;;;;
53;camera shots_Sub_53;00:04:56:05;Rutte;;;;
54;camera shots_Sub_54;00:05:00:08;mod_f;;;;
55;camera shots_Sub_55;00:05:12:00;Klaver;;;;
56;camera shots_Sub_56;00:05:14:20;Marijnissen;;;;
57;camera shots_Sub_57;00:05:17:23;group;;;;
58;camera shots_Sub_58;00:05:21:07;mod_f;;;;
59;camera shots_Sub_59;00:05:27:02;;;;groupshot;
60;camera shots_Sub_60;00:05:35:20;Rutte;;;;
61;camera shots_Sub_61;00:05:38:06;Wilders;;;;
62;camera shots_Sub_62;00:05:41:20;;;;groupshot;
63;camera shots_Sub_63;00:05:46:18;Wilders;;;;
64;camera shots_Sub_64;00:05:58:10;Rutte;;;;
65;camera shots_Sub_65;00:06:01:00;;;;groupshot;
66;camera shots_Sub_66;00:06:04:24;Hoekstra;;;;
67;camera shots_Sub_67;00:06:09:02;Wilders;;;;
68;camera shots_Sub_68;00:06:14:09;group;;;;
69;camera shots_Sub_69;00:06:18:18;Wilders;;;;
70;camera shots_Sub_70;00:06:21:19;;;;groupshot;
71;camera shots_Sub_71;00:06:25:05;Marijnissen;;;;
72;camera shots_Sub_72;00:06:37:16;Rutte;;;;
73;camera shots_Sub_73;00:06:42:10;Marijnissen;;;;
74;camera shots_Sub_74;00:06:49:03;;;;groupshot;
75;camera shots_Sub_75;00:06:51:13;Wilders;;;;
76;camera shots_Sub_76;00:06:53:24;Marijnissen;;;;
77;camera shots_Sub_77;00:06:56:20;;;;groupshot;
78;camera shots_Sub_78;00:07:00:00;Hoekstra;;;;
79;camera shots_Sub_79;00:07:29:00;Hoekstra;Rutte;Wilders;;
80;camera shots_Sub_80;00:07:32:05;mod_m;;;;
81;camera shots_Sub_81;00:07:34:12;Kaag;;;;
82;camera shots_Sub_82;00:07:46:12;;;;groupshot;
83;camera shots_Sub_83;00:07:49:22;Kaag;;;;
84;camera shots_Sub_84;00:07:59:15;Hoekstra;;;;
85;camera shots_Sub_85;00:08:02:15;Kaag;;;;
86;camera shots_Sub_86;00:08:04:24;Rutte;;;;
87;camera shots_Sub_87;00:08:38:13;;;;groupshot;
88;camera shots_Sub_88;00:08:43:11;Klaver;;;;
89;camera shots_Sub_89;00:08:52:20;;;;groupshot;
90;camera shots_Sub_90;00:08:57:05;Klaver;;;;
91;camera shots_Sub_91;00:09:04:14;Marijnissen;Klaver;;;
92;camera shots_Sub_92;00:09:08:00;Klaver;;;;
93;camera shots_Sub_93;00:09:12:00;;;;groupshot;
94;camera shots_Sub_94;00:09:17:00;mod_m;;;;
95;camera shots_Sub_95;00:09:20:02;Kaag;;;;
96;camera shots_Sub_96;00:09:24:14;mod_m;;;;
97;camera shots_Sub_97;00:09:29:22;mod_m;Marijnissen;Klaver;;
98;camera shots_Sub_98;00:09:33:10;Kaag;;;;
99;camera shots_Sub_99;00:09:47:03;Marijnissen;Klaver;Kaag;;
100;camera shots_Sub_100;00:09:51:04;Kaag;;;;
101;camera shots_Sub_101;00:10:05:15;;;;groupshot;
102;camera shots_Sub_102;00:10:12:00;Kaag;;;;
103;camera shots_Sub_103;00:10:17:23;mod_m;;;;
104;camera shots_Sub_104;00:10:21:23;Rutte;;;;
105;camera shots_Sub_105;00:10:25:13;mod_m;;;groupshot;
106;camera shots_Sub_106;00:10:30:12;;;;;
107;camera shots_Sub_107;00:10:34:09;Rutte;;;;
108;camera shots_Sub_108;00:10:45:10;Kaag;;;;
109;camera shots_Sub_109;00:10:50:03;Rutte;;;;
110;camera shots_Sub_110;00:10:58:24;Rutte;Wilders;;;
111;camera shots_Sub_111;00:11:03:09;Rutte;;;;
112;camera shots_Sub_112;00:11:12:05;Marijnissen;;;;
113;camera shots_Sub_113;00:11:16:13;Rutte;;;;
114;camera shots_Sub_114;00:11:25:02;;;;groupshot;
115;camera shots_Sub_115;00:11:28:09;Wilders;;;;
116;camera shots_Sub_116;00:11:32:14;Rutte;;;;
117;camera shots_Sub_117;00:11:47:03;Kaag;;;;
118;camera shots_Sub_118;00:11:51:04;Rutte;;;;
119;camera shots_Sub_119;00:11:55:03;;;;groupshot;
120;camera shots_Sub_120;00:11:59:19;Wilders;;;;
121;camera shots_Sub_121;00:12:03:22;Rutte;;;;
122;camera shots_Sub_122;00:12:07:19;Wilders;mod_m;;;
123;camera shots_Sub_123;00:12:12:05;Wilders;;;;
124;camera shots_Sub_124;00:12:17:00;Wilders;;;;
125;camera shots_Sub_125;00:12:20:18;Wilders;;;;
126;camera shots_Sub_126;00:12:24:06;Rutte;;;;
127;camera shots_Sub_127;00:12:27:24;Wilders;;;;
128;camera shots_Sub_128;00:12:34:05;Rutte;;;;
129;camera shots_Sub_129;00:12:37:12;Wilders;;;;
130;camera shots_Sub_130;00:12:42:14;;;;groupshot;
131;camera shots_Sub_131;00:12:46:06;mod_m;;;;
132;camera shots_Sub_132;00:12:49:20;Hoekstra;;;;
133;camera shots_Sub_133;00:12:55:01;Rutte;Wilders;;;
134;camera shots_Sub_134;00:12:59:13;Hoekstra;;;;
135;camera shots_Sub_135;00:13:03:09;Rutte;Wilders;;;
136;camera shots_Sub_136;00:13:05:15;Wilders;;;;
137;camera shots_Sub_137;00:13:09:14;Hoekstra;;;;
138;camera shots_Sub_138;00:13:12:20;Rutte;Wilders;;;
139;camera shots_Sub_139;00:13:16:00;Hoekstra;;;;
140;camera shots_Sub_140;00:13:19:19;Rutte;Wilders;;;
141;camera shots_Sub_141;00:13:24:09;Kaag;;;;
142;camera shots_Sub_142;00:13:27:19;Hoekstra;;;;
143;camera shots_Sub_143;00:13:32:04;Wilders;;;;
144;camera shots_Sub_144;00:13:35:22;;;;groupshot;
145;camera shots_Sub_145;00:13:40:09;Marijnissen;;;;
146;camera shots_Sub_146;00:13:46:17;mod_m;;;;
147;camera shots_Sub_147;00:13:50:23;Marijnissen;;;;
148;camera shots_Sub_148;00:13:56:13;mod_m;Marijnissen;;;
149;camera shots_Sub_149;00:14:00:16;Marijnissen;;;;
150;camera shots_Sub_150;00:14:12:24;Hoekstra;;;;
151;camera shots_Sub_151;00:14:17:10;;;;groupshot;
152;camera shots_Sub_152;00:14:26:10;Marijnissen;;;;
153;camera shots_Sub_153;00:14:31:18;Marijnissen;Klaver;;;
154;camera shots_Sub_154;00:14:36:04;Marijnissen;;;;
155;camera shots_Sub_155;00:14:40:15;Rutte;;;;
156;camera shots_Sub_156;00:14:43:19;;;;groupshot;
157;camera shots_Sub_157;00:14:49:12;mod_m;;;;
158;camera shots_Sub_158;00:14:52:24;;;;groupshot;
159;camera shots_Sub_159;00:14:56:00;Kaag;;;;
160;camera shots_Sub_160;00:14:59:13;Marijnissen;;;;
161;camera shots_Sub_161;00:15:03:14;mod_m;;;;
162;camera shots_Sub_162;00:15:11:03;;;;groupshot;
163;camera shots_Sub_163;00:15:26:17;Klaver;;;;
164;camera shots_Sub_164;00:15:29:03;;;;groupshot;
165;camera shots_Sub_165;00:15:33:23;Rutte;;;;
166;camera shots_Sub_166;00:15:50:15;Klaver;;;;
167;camera shots_Sub_167;00:15:54:18;Marijnissen;Klaver;;;
168;camera shots_Sub_168;00:16:00:21;Klaver;;;;
169;camera shots_Sub_169;00:16:04:21;Rutte;;;;
170;camera shots_Sub_170;00:16:08:24;Klaver;;;;
171;camera shots_Sub_171;00:16:13:08;Wilders;;;;
172;camera shots_Sub_172;00:16:21:01;Klaver;;;;
173;camera shots_Sub_173;00:16:24:18;;;;groupshot;
174;camera shots_Sub_174;00:16:28:02;Klaver;;;;
175;camera shots_Sub_175;00:16:31:14;Wilders;;;;
176;camera shots_Sub_176;00:16:34:24;mod_f;;;;
177;camera shots_Sub_177;00:16:43:13;Wilders;;;;
178;camera shots_Sub_178;00:16:48:17;Klaver;;;;
179;camera shots_Sub_179;00:16:54:08;Wilders;;;;
180;camera shots_Sub_180;00:16:58:19;Klaver;;;;
181;camera shots_Sub_181;00:17:02:24;;;;groupshot;
182;camera shots_Sub_182;00:17:17:09;Kaag;;;;
183;camera shots_Sub_183;00:17:21:15;Klaver;;;;
184;camera shots_Sub_184;00:17:27:05;Kaag;;;;
185;camera shots_Sub_185;00:17:31:01;Rutte;;;;
186;camera shots_Sub_186;00:17:36:10;Kaag;;;;
187;camera shots_Sub_187;00:17:42:12;Hoekstra;;;;
188;camera shots_Sub_188;00:17:46:13;mod_m;;;;
189;camera shots_Sub_189;00:17:49:06;Kaag;;;;
190;camera shots_Sub_190;00:17:53:20;;;;groupshot;
191;camera shots_Sub_191;00:18:06:10;mod_f;;;;
192;camera shots_Sub_192;00:18:11:14;;;;film;
193;camera shots_Sub_193;00:18:18:20;;;;film;
194;camera shots_Sub_194;00:18:23:08;;;;film;
195;camera shots_Sub_195;00:18:27:14;;;;film;
196;camera shots_Sub_196;00:18:30:22;;;;film;
197;camera shots_Sub_197;00:18:34:15;;;;film;
198;camera shots_Sub_198;00:18:44:00;;;;film;
199;camera shots_Sub_199;00:18:48:23;;;;film;
200;camera shots_Sub_200;00:18:57:08;;;;film;
201;camera shots_Sub_201;00:19:00:12;citizen1;mod_f;Kaag;faces in background;
202;camera shots_Sub_202;00:19:05:00;mod_f;;;;
203;camera shots_Sub_203;00:19:08:04;Kaag;;;;
204;camera shots_Sub_204;00:19:10:23;citizen1;mod_f;Kaag;faces in background;
205;camera shots_Sub_205;00:19:21:13;citizen1;;;;
206;camera shots_Sub_206;00:19:27:05;citizen1;mod_f;Kaag;faces in background;
207;camera shots_Sub_207;00:19:32:13;citizen1;;;;
208;camera shots_Sub_208;00:19:39:07;Kaag;;;;
209;camera shots_Sub_209;00:19:44:02;citizen1;mod_f;Kaag;faces in background;
210;camera shots_Sub_210;00:19:50:15;Kaag;;;;
211;camera shots_Sub_211;00:20:02:11;citizen1;;;;
212;camera shots_Sub_212;00:20:08:04;citizen1;mod_f;Kaag;faces in background;
213;camera shots_Sub_213;00:20:13:03;Kaag;;;;
214;camera shots_Sub_214;00:20:19:08;citizen1;;;;
215;camera shots_Sub_215;00:20:25:03;Kaag;;;;
216;camera shots_Sub_216;00:20:35:05;citizen1;mod_f;Kaag;faces in background;
217;camera shots_Sub_217;00:20:39:22;citizen1;;;;
218;camera shots_Sub_218;00:20:46:08;Kaag;;;;
219;camera shots_Sub_219;00:20:50:10;citizen1;;;;
220;camera shots_Sub_220;00:20:55:12;Kaag;;;;
221;camera shots_Sub_221;00:21:00:09;citizen1;;;;
222;camera shots_Sub_222;00:21:05:16;citizen1;mod_f;Kaag;faces in background;
223;camera shots_Sub_223;00:21:10:22;Kaag;;;;
224;camera shots_Sub_224;00:21:24:08;citizen1;;;;
225;camera shots_Sub_225;00:21:28:14;Kaag;;;;
226;camera shots_Sub_226;00:21:32:11;citizen1;;;;
227;camera shots_Sub_227;00:21:39:02;citizen1;mod_f;Kaag;faces in background;
228;camera shots_Sub_228;00:21:48:03;Rutte;;;;
229;camera shots_Sub_229;00:21:50:22;Klaver;;;;
230;camera shots_Sub_230;00:21:54:09;citizen1;;;;
231;camera shots_Sub_231;00:22:00:18;Kaag;;;;
232;camera shots_Sub_232;00:22:04:14;citizen1;mod_f;Kaag;faces in background;
233;camera shots_Sub_233;00:22:07:22;mod_f;;;;
234;camera shots_Sub_234;00:22:13:17;citizen1;;;;
235;camera shots_Sub_235;00:22:17:20;Kaag;;;;
236;camera shots_Sub_236;00:22:22:23;citizen1;;;;
237;camera shots_Sub_237;00:22:26:08;Kaag;;;;
238;camera shots_Sub_238;00:22:35:15;citizen1;;;;
239;camera shots_Sub_239;00:22:40:08;citizen1;mod_f;Kaag;faces in background;
240;camera shots_Sub_240;00:22:44:23;citizen1;;;;
241;camera shots_Sub_241;00:22:49:02;mod_f;;;;
242;camera shots_Sub_242;00:22:52:08;citizen1;;;;
243;camera shots_Sub_243;00:22:57:07;Kaag;;;;
244;camera shots_Sub_244;00:23:06:08;Rutte;;;;
245;camera shots_Sub_245;00:23:10:00;citizen1;mod_f;Kaag;faces in background;
246;camera shots_Sub_246;00:23:13:13;citizen1;;;;
247;camera shots_Sub_247;00:23:20:13;mod_f;mod_m;;;
248;camera shots_Sub_248;00:23:27:23;Marijnissen;;;;
249;camera shots_Sub_249;00:23:31:17;mod_f;mod_m;;;
250;camera shots_Sub_250;00:23:39:21;;;;groupshot;
251;camera shots_Sub_251;00:23:53:03;;;;groupshot;
252;camera shots_Sub_252;00:23:58:00;mod_f;mod_m;;;
253;camera shots_Sub_253;00:24:07:21;mod_f;mod_m;;;
254;camera shots_Sub_254;00:24:17:00;Hoekstra;;;;
255;camera shots_Sub_255;00:24:18:02;;;;film;
256;camera shots_Sub_256;00:25:04:04;;;;groupshot;
257;camera shots_Sub_257;00:25:08:09;citizen2_f;citizen2_m;;;
258;camera shots_Sub_258;00:25:13:14;Hoekstra;;;;
259;camera shots_Sub_259;00:25:19:10;citizen2_f;citizen2_m;;;
260;camera shots_Sub_260;00:25:24:13;Hoekstra;;;;
261;camera shots_Sub_261;00:25:27:13;citizen2_f;citizen2_m;;;
262;camera shots_Sub_262;00:25:35:08;Hoekstra;;;;
263;camera shots_Sub_263;00:25:42:12;citizen2_f;citizen2_m;;;
264;camera shots_Sub_264;00:25:48:06;;;;groupshot;
265;camera shots_Sub_265;00:25:52:14;citizen2_f;citizen2_m;;;
266;camera shots_Sub_266;00:25:58:02;Hoekstra;;;;
267;camera shots_Sub_267;00:26:06:02;citizen2_f;citizen2_m;;;
268;camera shots_Sub_268;00:26:11:18;;;;groupshot;
269;camera shots_Sub_269;00:26:16:06;citizen2_f;citizen2_m;;;
270;camera shots_Sub_270;00:26:18:22;Hoekstra;;;;
271;camera shots_Sub_271;00:26:30:07;citizen2_m;;;;
272;camera shots_Sub_272;00:26:33:22;Hoekstra;;;;
273;camera shots_Sub_273;00:26:37:06;citizen2_f;;;;
274;camera shots_Sub_274;00:26:40:14;Hoekstra;;;;
275;camera shots_Sub_275;00:26:47:12;;;;groupshot;
276;camera shots_Sub_276;00:26:52:19;citizen2_f;citizen2_m;;;
277;camera shots_Sub_277;00:26:57:13;Hoekstra;;;;
278;camera shots_Sub_278;00:27:03:03;mod_f;;;;
279;camera shots_Sub_279;00:27:06:09;citizen2_f;citizen2_m;;;
280;camera shots_Sub_280;00:27:08:24;Hoekstra;;;;
281;camera shots_Sub_281;00:27:14:11;;;;groupshot;
282;camera shots_Sub_282;00:27:19:07;citizen2_f;citizen2_m;;;
283;camera shots_Sub_283;00:27:24:17;Hoekstra;;;;
284;camera shots_Sub_284;00:27:34:08;citizen2_f;citizen2_m;;;
285;camera shots_Sub_285;00:27:39:24;Hoekstra;;;;
286;camera shots_Sub_286;00:27:48:24;citizen2_f;citizen2_m;;;
287;camera shots_Sub_287;00:27:57:22;Hoekstra;;;;
288;camera shots_Sub_288;00:28:01:22;citizen2_m;;;;
289;camera shots_Sub_289;00:28:05:11;Hoekstra;;;;
290;camera shots_Sub_290;00:28:14:02;;;;groupshot;
291;camera shots_Sub_291;00:28:20:13;Hoekstra;;;;
292;camera shots_Sub_292;00:28:32:13;citizen2_f;citizen2_m;;;
293;camera shots_Sub_293;00:28:37:17;Hoekstra;;;;
294;camera shots_Sub_294;00:28:45:16;;;;groupshot;
295;camera shots_Sub_295;00:28:49:09;citizen2_f;citizen2_m;;;
296;camera shots_Sub_296;00:28:54:03;;;;groupshot;
297;camera shots_Sub_297;00:28:57:06;Hoekstra;;;;
298;camera shots_Sub_298;00:29:02:22;citizen2_f;citizen2_m;;;
299;camera shots_Sub_299;00:29:06:12;Hoekstra;;;;
300;camera shots_Sub_300;00:29:16:06;Rutte;;;;
301;camera shots_Sub_301;00:29:20:12;citizen2_f;citizen2_m;;;
302;camera shots_Sub_302;00:29:26:20;;;;groupshot;
303;camera shots_Sub_303;00:29:30:11;citizen2_f;citizen2_m;;;
304;camera shots_Sub_304;00:29:35:19;Hoekstra;;;;
305;camera shots_Sub_305;00:29:38:20;Klaver;;;;
306;camera shots_Sub_306;00:29:42:06;citizen2_f;citizen2_m;;;
307;camera shots_Sub_307;00:29:47:02;Hoekstra;;;;
308;camera shots_Sub_308;00:29:49:18;mod_f;;;;
309;camera shots_Sub_309;00:29:52:11;citizen2_f;citizen2_m;;;
310;camera shots_Sub_310;00:29:53:21;;;;groupshot;
311;camera shots_Sub_311;00:30:01:12;;;;groupshot;
312;camera shots_Sub_312;00:30:02:23;mod_f;;;faces in background;
313;camera shots_Sub_313;00:30:53:14;Klaver;;;;
314;camera shots_Sub_314;00:30:57:03;Rutte;;;;
315;camera shots_Sub_315;00:31:01:17;mod_f;;;;
316;camera shots_Sub_316;00:31:13:05;;;;groupshot;
317;camera shots_Sub_317;00:31:16:07;Kaag;;;;
318;camera shots_Sub_318;00:31:19:03;Hoekstra;;;;
319;camera shots_Sub_319;00:31:22:11;;;;groupshot;
320;camera shots_Sub_320;00:31:28:11;mod_m;;;;
321;camera shots_Sub_321;00:31:31:13;;;;groupshot;
322;camera shots_Sub_322;00:31:35:24;Marijnissen;;;;
323;camera shots_Sub_323;00:31:37:21;Rutte;;;;
324;camera shots_Sub_324;00:31:40:07;mod_m;Marijnissen;;;
325;camera shots_Sub_325;00:31:42:07;Marijnissen;;;;
326;camera shots_Sub_326;00:31:56:24;;;;groupshot;
327;camera shots_Sub_327;00:31:58:24;Kaag;;;;
328;camera shots_Sub_328;00:32:02:15;Marijnissen;Klaver;;;
329;camera shots_Sub_329;00:32:05:12;Marijnissen;;;;
330;camera shots_Sub_330;00:32:10:16;Rutte;;;;
331;camera shots_Sub_331;00:32:14:19;Marijnissen;;;;
332;camera shots_Sub_332;00:32:17:16;Rutte;;;;
333;camera shots_Sub_333;00:32:30:20;Marijnissen;;;;
334;camera shots_Sub_334;00:32:34:22;Wilders;;;;
335;camera shots_Sub_335;00:32:40:02;Rutte;;;;
336;camera shots_Sub_336;00:32:47:21;;;;groupshot;
337;camera shots_Sub_337;00:32:52:04;Rutte;;;;
338;camera shots_Sub_338;00:32:55:00;mod_m;;;;
339;camera shots_Sub_339;00:32:58:15;;;;groupshot;
340;camera shots_Sub_340;00:33:01:24;Kaag;;;;
341;camera shots_Sub_341;00:33:14:22;Rutte;;;;
342;camera shots_Sub_342;00:33:20:05;Kaag;;;;
343;camera shots_Sub_343;00:33:32:10;;;;groupshot;
344;camera shots_Sub_344;00:33:35:00;Wilders;;;;
345;camera shots_Sub_345;00:33:45:18;Kaag;;;;
346;camera shots_Sub_346;00:33:49:18;Wilders;;;;
347;camera shots_Sub_347;00:33:56:23;;;;groupshot;
348;camera shots_Sub_348;00:34:00:15;Wilders;;;;
349;camera shots_Sub_349;00:34:06:01;;;;groupshot;
350;camera shots_Sub_350;00:34:09:14;Wilders;;;;
351;camera shots_Sub_351;00:34:12:16;Kaag;;;;
352;camera shots_Sub_352;00:34:15:00;;;;groupshot;
353;camera shots_Sub_353;00:34:18:24;Klaver;;;;
354;camera shots_Sub_354;00:34:32:10;mod_m;Marijnissen;Klaver;;
355;camera shots_Sub_355;00:34:36:10;Klaver;;;;
356;camera shots_Sub_356;00:34:44:18;;;;groupshot;
357;camera shots_Sub_357;00:34:49:09;Hoekstra;;;;
358;camera shots_Sub_358;00:35:14:18;Hoekstra;Rutte;Wilders;;
359;camera shots_Sub_359;00:35:18:22;;;;groupshot;
360;camera shots_Sub_360;00:35:23:18;Rutte;;;;
361;camera shots_Sub_361;00:35:26:20;mod_m;;;;
362;camera shots_Sub_362;00:35:30:07;Rutte;;;;
363;camera shots_Sub_363;00:35:50:21;;;;groupshot;
364;camera shots_Sub_364;00:35:54:12;Wilders;;;;
365;camera shots_Sub_365;00:35:58:12;Hoekstra;Rutte;Wilders;;
366;camera shots_Sub_366;00:36:02:02;Rutte;;;;
367;camera shots_Sub_367;00:36:06:17;Hoekstra;Rutte;Wilders;;
368;camera shots_Sub_368;00:36:12:03;Wilders;;;;
369;camera shots_Sub_369;00:36:15:16;Rutte;;;;
370;camera shots_Sub_370;00:36:20:02;;;;groupshot;
371;camera shots_Sub_371;00:36:23:14;Wilders;;;;
372;camera shots_Sub_372;00:36:29:11;Rutte;;;;
373;camera shots_Sub_373;00:36:31:20;;;;groupshot;
374;camera shots_Sub_374;00:36:39:10;Wilders;;;;
375;camera shots_Sub_375;00:36:44:01;Rutte;;;;
376;camera shots_Sub_376;00:36:48:05;;;;groupshot;
377;camera shots_Sub_377;00:36:52:07;Wilders;;;;
378;camera shots_Sub_378;00:36:58:09;Rutte;;;;
379;camera shots_Sub_379;00:37:02:04;Wilders;;;;
380;camera shots_Sub_380;00:37:06:03;;;;groupshot;
381;camera shots_Sub_381;00:37:08:01;Rutte;;;;
382;camera shots_Sub_382;00:37:10:19;Wilders;;;;
383;camera shots_Sub_383;00:37:14:11;Rutte;;;;
384;camera shots_Sub_384;00:37:18:02;mod_m;;;;
385;camera shots_Sub_385;00:37:22:15;;;;groupshot;
386;camera shots_Sub_386;00:37:28:07;Kaag;;;;
387;camera shots_Sub_387;00:37:53:10;Wilders;;;;
388;camera shots_Sub_388;00:37:59:20;Kaag;;;;
389;camera shots_Sub_389;00:38:03:18;Wilders;;;;
390;camera shots_Sub_390;00:38:08:14;Kaag;;;;
391;camera shots_Sub_391;00:38:13:05;Wilders;;;;
392;camera shots_Sub_392;00:38:17:07;;;;groupshot;
393;camera shots_Sub_393;00:38:19:15;Kaag;;;;
394;camera shots_Sub_394;00:38:21:20;Wilders;;;;
395;camera shots_Sub_395;00:38:26:07;Rutte;;;;
396;camera shots_Sub_396;00:38:28:20;Kaag;;;;
397;camera shots_Sub_397;00:38:31:17;Wilders;;;;
398;camera shots_Sub_398;00:38:39:22;Kaag;;;;
399;camera shots_Sub_399;00:38:44:07;Wilders;;;;
400;camera shots_Sub_400;00:38:47:14;;;;groupshot;
401;camera shots_Sub_401;00:38:53:06;Wilders;;;;
402;camera shots_Sub_402;00:38:58:01;;;;groupshot;
403;camera shots_Sub_403;00:39:01:21;Wilders;;;faces in background;
404;camera shots_Sub_404;00:39:07:02;Kaag;;;;
405;camera shots_Sub_405;00:39:09:22;Rutte;;;faces in background;
406;camera shots_Sub_406;00:39:12:16;Wilders;;;;
407;camera shots_Sub_407;00:39:15:01;;;;groupshot;
408;camera shots_Sub_408;00:39:16:23;mod_m;;;faces in background;
409;camera shots_Sub_409;00:39:23:05;Wilders;;;;
410;camera shots_Sub_410;00:39:26:01;Hoekstra;;;faces in background;
411;camera shots_Sub_411;00:39:35:16;Kaag;;;faces in background;
412;camera shots_Sub_412;00:39:39:20;Hoekstra;Rutte;Wilders;faces in background;
413;camera shots_Sub_413;00:39:45:11;Hoekstra;;;faces in background;
414;camera shots_Sub_414;00:39:47:19;mod_m;;;faces in background;
415;camera shots_Sub_415;00:39:51:03;Hoekstra;;;faces in background;
416;camera shots_Sub_416;00:39:58:16;;;;groupshot;
417;camera shots_Sub_417;00:40:04:10;Hoekstra;Rutte;Wilders;faces in background;
418;camera shots_Sub_418;00:40:07:02;mod_m;;;faces in background;
419;camera shots_Sub_419;00:40:11:06;Hoekstra;;;faces in background;
420;camera shots_Sub_420;00:40:21:03;Klaver;;;faces in background;
421;camera shots_Sub_421;00:40:25:02;Hoekstra;;;faces in background;
422;camera shots_Sub_422;00:40:30:10;Marijnissen;;;faces in background;
423;camera shots_Sub_423;00:40:33:07;;;;groupshot;
424;camera shots_Sub_424;00:40:38:22;Klaver;;;faces in background;
425;camera shots_Sub_425;00:40:51:17;Wilders;mod_m;;faces in background;
426;camera shots_Sub_426;00:40:56:03;Klaver;;;faces in background;
427;camera shots_Sub_427;00:41:05:00;Wilders;;;;
428;camera shots_Sub_428;00:41:08:13;Klaver;;;faces in background;
429;camera shots_Sub_429;00:41:15:07;Hoekstra;;;faces in background;
430;camera shots_Sub_430;00:41:19:12;Klaver;;;faces in background;
431;camera shots_Sub_431;00:41:25:03;Hoekstra;;;faces in background;
432;camera shots_Sub_432;00:41:29:16;Klaver;;;faces in background;
433;camera shots_Sub_433;00:41:31:21;;;;groupshot;
434;camera shots_Sub_434;00:41:37:16;Marijnissen;;;;
435;camera shots_Sub_435;00:41:41:18;Kaag;;;;
436;camera shots_Sub_436;00:41:45:21;Marijnissen;;;;
437;camera shots_Sub_437;00:41:55:14;mod_m;Marijnissen;Klaver;;
438;camera shots_Sub_438;00:42:00:12;Marijnissen;;;;
439;camera shots_Sub_439;00:42:05:12;;;;groupshot;
440;camera shots_Sub_440;00:42:08:07;mod_m;;;;
441;camera shots_Sub_441;00:42:14:19;Marijnissen;;;;
442;camera shots_Sub_442;00:42:21:08;Rutte;;;;
443;camera shots_Sub_443;00:42:25:21;Marijnissen;;;;
444;camera shots_Sub_444;00:42:31:11;Kaag;;;;
445;camera shots_Sub_445;00:42:33:12;Rutte;;;;
446;camera shots_Sub_446;00:42:41:24;Marijnissen;;;;
447;camera shots_Sub_447;00:42:45:17;Rutte;;;;
448;camera shots_Sub_448;00:42:52:23;Wilders;;;;
449;camera shots_Sub_449;00:42:57:06;Rutte;;;;
450;camera shots_Sub_450;00:43:03:12;Marijnissen;;;;
451;camera shots_Sub_451;00:43:08:02;Rutte;;;;
452;camera shots_Sub_452;00:43:17:15;;;;groupshot;
453;camera shots_Sub_453;00:43:24:05;mod_f;;;;
454;camera shots_Sub_454;00:43:33:07;;;;film;
455;camera shots_Sub_455;00:44:25:09;citizen3;mod_f;Rutte;;
456;camera shots_Sub_456;00:44:29:14;citizen3;;;;
457;camera shots_Sub_457;00:44:35:09;Rutte;;;;
458;camera shots_Sub_458;00:44:40:17;citizen3;;;;
459;camera shots_Sub_459;00:44:52:21;Rutte;;;;
460;camera shots_Sub_460;00:45:02:14;citizen3;;;;
461;camera shots_Sub_461;00:45:06:16;Rutte;;;;
462;camera shots_Sub_462;00:45:14:16;citizen3;mod_f;Rutte;;
463;camera shots_Sub_463;00:45:20:15;citizen3;;;;
464;camera shots_Sub_464;00:45:26:11;Rutte;;;;
465;camera shots_Sub_465;00:45:33:24;citizen3;;;;
466;camera shots_Sub_466;00:45:41:02;Rutte;;;;
467;camera shots_Sub_467;00:45:53:05;citizen3;mod_f;Rutte;;
468;camera shots_Sub_468;00:45:59:18;citizen3;;;;
469;camera shots_Sub_469;00:46:05:10;Rutte;;;;
470;camera shots_Sub_470;00:46:09:01;citizen3;;;;
471;camera shots_Sub_471;00:46:15:24;citizen3;mod_f;Rutte;;
472;camera shots_Sub_472;00:46:19:11;Rutte;;;;
473;camera shots_Sub_473;00:46:29:17;;;;groupshot;
474;camera shots_Sub_474;00:46:34:23;citizen3;;;;
475;camera shots_Sub_475;00:46:39:22;mod_f;;;;
476;camera shots_Sub_476;00:46:42:00;Rutte;;;;
477;camera shots_Sub_477;00:46:48:19;citizen3;;;;
478;camera shots_Sub_478;00:46:55:07;Rutte;;;;
479;camera shots_Sub_479;00:46:59:17;citizen3;;;;
480;camera shots_Sub_480;00:47:05:11;;;;groupshot;
481;camera shots_Sub_481;00:47:10:13;Rutte;;;;
482;camera shots_Sub_482;00:47:16:03;citizen3;;;;
483;camera shots_Sub_483;00:47:19:23;Rutte;;;;
484;camera shots_Sub_484;00:47:28:00;citizen3;mod_f;Rutte;;
485;camera shots_Sub_485;00:47:37:16;citizen3;;;;
486;camera shots_Sub_486;00:47:43:12;Rutte;;;;
487;camera shots_Sub_487;00:47:48:22;citizen3;mod_f;Rutte;;
488;camera shots_Sub_488;00:47:52:02;citizen3;;;;
489;camera shots_Sub_489;00:47:58:10;Rutte;;;;
490;camera shots_Sub_490;00:48:03:24;citizen3;;;;
491;camera shots_Sub_491;00:48:08:00;Rutte;;;;
492;camera shots_Sub_492;00:48:12:19;citizen3;;;;
493;camera shots_Sub_493;00:48:21:24;Rutte;;;;
494;camera shots_Sub_494;00:48:27:14;citizen3;;;;
495;camera shots_Sub_495;00:48:31:00;citizen3;mod_f;Rutte;;
496;camera shots_Sub_496;00:48:34:16;Rutte;;;;
497;camera shots_Sub_497;00:48:37:04;citizen3;;;;
498;camera shots_Sub_498;00:48:41:01;mod_f;;;;
499;camera shots_Sub_499;00:48:44:13;citizen3;;;;
500;camera shots_Sub_500;00:48:48:16;Rutte;;;;
501;camera shots_Sub_501;00:48:56:12;citizen3;;;;
502;camera shots_Sub_502;00:49:00:18;Hoekstra;;;;
503;camera shots_Sub_503;00:49:04:22;Rutte;;;;
504;camera shots_Sub_504;00:49:07:09;citizen3;;;;
505;camera shots_Sub_505;00:49:11:07;;;;groupshot;
506;camera shots_Sub_506;00:49:19:02;mod_f;;;;
507;camera shots_Sub_507;00:50:34:21;;;;groupshot;
508;camera shots_Sub_508;00:50:39:03;Hoekstra;;;;
509;camera shots_Sub_509;00:50:41:14;Klaver;;;;
510;camera shots_Sub_510;00:50:44:16;;;;groupshot;
511;camera shots_Sub_511;00:50:53:00;Klaver;;;;
512;camera shots_Sub_512;00:51:09:02;Marijnissen;Klaver;;;
513;camera shots_Sub_513;00:51:13:24;Klaver;;;;
514;camera shots_Sub_514;00:51:22:22;Hoekstra;;;;
515;camera shots_Sub_515;00:51:25:17;Wilders;;;;
516;camera shots_Sub_516;00:51:41:07;;;;groupshot;
517;camera shots_Sub_517;00:51:45:17;Wilders;;;;
518;camera shots_Sub_518;00:51:59:10;;;;groupshot;
519;camera shots_Sub_519;00:52:04:07;Kaag;;;;
520;camera shots_Sub_520;00:52:18:04;Marijnissen;Klaver;;;
521;camera shots_Sub_521;00:52:22:07;Kaag;;;;
522;camera shots_Sub_522;00:52:30:12;;;;groupshot;
523;camera shots_Sub_523;00:52:35:23;Hoekstra;;;;
524;camera shots_Sub_524;00:52:52:06;Klaver;;;;
525;camera shots_Sub_525;00:52:56:24;Hoekstra;;;;
526;camera shots_Sub_526;00:53:01:20;mod_m;;;;
527;camera shots_Sub_527;00:53:05:24;Marijnissen;;;;
528;camera shots_Sub_528;00:53:16:17;Wilders;;;;
529;camera shots_Sub_529;00:53:20:12;Marijnissen;;;;
530;camera shots_Sub_530;00:53:29:19;;;;groupshot;
531;camera shots_Sub_531;00:53:34:14;Marijnissen;;;;
532;camera shots_Sub_532;00:53:40:14;mod_m;;;;
533;camera shots_Sub_533;00:53:43:08;Rutte;;;;
534;camera shots_Sub_534;00:53:56:06;;;;groupshot;
535;camera shots_Sub_535;00:53:59:17;Rutte;;;;
536;camera shots_Sub_536;00:54:02:04;;;;groupshot;
537;camera shots_Sub_537;00:54:04:21;mod_m;;;;
538;camera shots_Sub_538;00:54:10:04;Marijnissen;;;;
539;camera shots_Sub_539;00:54:13:19;Wilders;;;;
540;camera shots_Sub_540;00:54:27:12;Marijnissen;;;;
541;camera shots_Sub_541;00:54:31:16;Wilders;;;;
542;camera shots_Sub_542;00:54:45:21;Klaver;;;;
543;camera shots_Sub_543;00:54:49:18;;;;groupshot;
544;camera shots_Sub_544;00:54:52:08;Marijnissen;;;;
545;camera shots_Sub_545;00:54:58:21;Wilders;;;;
546;camera shots_Sub_546;00:55:04:00;Marijnissen;;;;
547;camera shots_Sub_547;00:55:10:16;Rutte;;;;
548;camera shots_Sub_548;00:55:15:04;Marijnissen;;;;
549;camera shots_Sub_549;00:55:19:09;;;;groupshot;
550;camera shots_Sub_550;00:55:24:06;Marijnissen;;;;
551;camera shots_Sub_551;00:55:30:00;;;;groupshot;
552;camera shots_Sub_552;00:55:33:05;Rutte;;;;
553;camera shots_Sub_553;00:55:42:07;mod_m;;;;
554;camera shots_Sub_554;00:55:45:01;Rutte;;;;
555;camera shots_Sub_555;00:55:48:06;Marijnissen;;;;
556;camera shots_Sub_556;00:55:51:15;Rutte;;;;
557;camera shots_Sub_557;00:56:00:03;Marijnissen;;;;
558;camera shots_Sub_558;00:56:04:06;Rutte;;;;
559;camera shots_Sub_559;00:56:08:02;Klaver;;;;
560;camera shots_Sub_560;00:56:12:21;Rutte;;;;
561;camera shots_Sub_561;00:56:16:19;;;;groupshot;
562;camera shots_Sub_562;00:56:20:07;Klaver;;;;
563;camera shots_Sub_563;00:56:25:20;Rutte;;;;
564;camera shots_Sub_564;00:56:30:09;Klaver;;;;
565;camera shots_Sub_565;00:56:42:14;Rutte;;;;
566;camera shots_Sub_566;00:56:47:15;Klaver;;;;
567;camera shots_Sub_567;00:56:54:01;Marijnissen;Klaver;;;
568;camera shots_Sub_568;00:56:58:07;Rutte;;;;
569;camera shots_Sub_569;00:57:02:21;Klaver;;;;
570;camera shots_Sub_570;00:57:13:06;Marijnissen;Klaver;Kaag;;
571;camera shots_Sub_571;00:57:17:16;Rutte;;;;
572;camera shots_Sub_572;00:57:28:17;;;;groupshot;
573;camera shots_Sub_573;00:57:31:08;Klaver;;;;
574;camera shots_Sub_574;00:57:35:04;Rutte;;;;
575;camera shots_Sub_575;00:57:41:15;;;;groupshot;
576;camera shots_Sub_576;00:57:47:15;Rutte;;;;
577;camera shots_Sub_577;00:57:51:08;Klaver;;;;
578;camera shots_Sub_578;00:57:55:04;Rutte;;;;
579;camera shots_Sub_579;00:57:57:16;Marijnissen;;;;
580;camera shots_Sub_580;00:58:00:24;Hoekstra;Rutte;Wilders;;
581;camera shots_Sub_581;00:58:04:04;Rutte;;;;
582;camera shots_Sub_582;00:58:08:09;Klaver;;;;
583;camera shots_Sub_583;00:58:11:07;mod_m;;;faces in background;
584;camera shots_Sub_584;00:58:15:01;;;;groupshot;
585;camera shots_Sub_585;00:58:18:24;Kaag;;;faces in background;
586;camera shots_Sub_586;00:58:27:09;Rutte;;;;
587;camera shots_Sub_587;00:58:31:16;Kaag;;;faces in background;
588;camera shots_Sub_588;00:58:40:23;Rutte;;;;
589;camera shots_Sub_589;00:58:44:14;Marijnissen;Klaver;Kaag;faces in background;
590;camera shots_Sub_590;00:58:47:17;Kaag;;;faces in background;
591;camera shots_Sub_591;00:58:52:20;Rutte;;;;
592;camera shots_Sub_592;00:58:55:23;mod_m;;;faces in background;
593;camera shots_Sub_593;00:58:58:21;Rutte;;;;
594;camera shots_Sub_594;00:59:06:02;Kaag;;;faces in background;
595;camera shots_Sub_595;00:59:09:22;Rutte;;;;
596;camera shots_Sub_596;00:59:17:19;Hoekstra;;;;
597;camera shots_Sub_597;00:59:21:07;Klaver;;;;
598;camera shots_Sub_598;00:59:24:07;Kaag;;;faces in background;
599;camera shots_Sub_599;00:59:26:19;mod_m;;;faces in background;
600;camera shots_Sub_600;00:59:28:13;Hoekstra;;;faces in background;
601;camera shots_Sub_601;00:59:41:04;Rutte;;;;
602;camera shots_Sub_602;00:59:45:04;Hoekstra;;;;
603;camera shots_Sub_603;00:59:50:03;Kaag;;;;
604;camera shots_Sub_604;00:59:55:04;Hoekstra;;;;
605;camera shots_Sub_605;01:00:02:09;Klaver;;;;
606;camera shots_Sub_606;01:00:07:03;Hoekstra;;;;
607;camera shots_Sub_607;01:00:11:23;Klaver;;;;
608;camera shots_Sub_608;01:00:16:04;;;;groupshot;
609;camera shots_Sub_609;01:00:19:01;mod_m;;;;
610;camera shots_Sub_610;01:00:21:14;Klaver;;;;
611;camera shots_Sub_611;01:00:31:05;;;;groupshot;
612;camera shots_Sub_612;01:00:35:01;Klaver;;;;
613;camera shots_Sub_613;01:00:41:05;Rutte;;;;
614;camera shots_Sub_614;01:00:46:19;Klaver;;;;
615;camera shots_Sub_615;01:00:51:03;Hoekstra;;;;
616;camera shots_Sub_616;01:00:55:00;;;;groupshot;
617;camera shots_Sub_617;01:00:58:06;Klaver;;;;
618;camera shots_Sub_618;01:01:02:04;Rutte;;;;
619;camera shots_Sub_619;01:01:05:16;mod_m;;;;
620;camera shots_Sub_620;01:01:09:14;Rutte;;;;
621;camera shots_Sub_621;01:01:12:23;Klaver;;;;
622;camera shots_Sub_622;01:01:16:07;Rutte;;;;
623;camera shots_Sub_623;01:01:21:19;Klaver;;;;
624;camera shots_Sub_624;01:01:25:11;Rutte;;;;
625;camera shots_Sub_625;01:01:31:04;Klaver;;;;
626;camera shots_Sub_626;01:01:32:22;mod_m;Klaver;;;
627;camera shots_Sub_627;01:01:34:24;;;;groupshot;
628;camera shots_Sub_628;01:01:41:01;Hoekstra;;;;
629;camera shots_Sub_629;01:01:49:07;Rutte;;;;
630;camera shots_Sub_630;01:01:52:22;Klaver;;;;
631;camera shots_Sub_631;01:01:57:16;;;;groupshot;
632;camera shots_Sub_632;01:02:01:21;mod_f;;;;
633;camera shots_Sub_633;01:02:24:23;;;;groupshot;
634;camera shots_Sub_634;01:02:37:03;;;;groupshot;
635;camera shots_Sub_635;01:02:41:15;mod_f;mod_m;;;
636;camera shots_Sub_636;01:02:54:02;;;;film;
637;camera shots_Sub_637;01:03:36:19;citizen4;mod_f;Wilders;;
638;camera shots_Sub_638;01:03:40:20;citizen4;;;;
639;camera shots_Sub_639;01:03:55:12;Wilders;;;;
640;camera shots_Sub_640;01:03:59:14;citizen4;;;;
641;camera shots_Sub_641;01:04:03:03;citizen4;mod_f;Wilders;;
642;camera shots_Sub_642;01:04:06:21;Wilders;;;;
643;camera shots_Sub_643;01:04:16:01;citizen4;;;;
644;camera shots_Sub_644;01:04:21:21;Wilders;;;;
645;camera shots_Sub_645;01:04:28:04;citizen4;;;;
646;camera shots_Sub_646;01:04:32:00;Wilders;;;;
647;camera shots_Sub_647;01:04:36:02;citizen4;mod_f;Wilders;;
648;camera shots_Sub_648;01:04:39:10;citizen4;;;;
649;camera shots_Sub_649;01:04:43:22;Rutte;;;;
650;camera shots_Sub_650;01:04:46:11;Wilders;;;;
651;camera shots_Sub_651;01:04:48:24;citizen4;;;;
652;camera shots_Sub_652;01:04:52:06;Wilders;;;;
653;camera shots_Sub_653;01:04:54:08;mod_f;;;;
654;camera shots_Sub_654;01:04:56:15;citizen4;mod_f;Wilders;;
655;camera shots_Sub_655;01:05:00:10;citizen4;;;;
656;camera shots_Sub_656;01:05:04:19;Rutte;;;;
657;camera shots_Sub_657;01:05:07:20;citizen4;;;;
658;camera shots_Sub_658;01:05:11:19;Wilders;;;;
659;camera shots_Sub_659;01:05:19:10;citizen4;;;;
660;camera shots_Sub_660;01:05:22:08;Wilders;;;;
661;camera shots_Sub_661;01:05:33:20;citizen4;mod_f;Wilders;;
662;camera shots_Sub_662;01:05:40:07;citizen4;;;;
663;camera shots_Sub_663;01:05:44:06;Wilders;;;;
664;camera shots_Sub_664;01:05:49:15;citizen4;;;;
665;camera shots_Sub_665;01:05:53:08;Wilders;;;;
666;camera shots_Sub_666;01:05:58:14;citizen4;;;;
667;camera shots_Sub_667;01:06:02:09;citizen4;mod_f;Wilders;;
668;camera shots_Sub_668;01:06:04:21;Hoekstra;Rutte;;;
669;camera shots_Sub_669;01:06:07:20;Wilders;;;;
670;camera shots_Sub_670;01:06:14:23;citizen4;;;;
671;camera shots_Sub_671;01:06:19:17;Wilders;;;;
672;camera shots_Sub_672;01:06:24:01;citizen4;;;;
673;camera shots_Sub_673;01:06:27:15;Wilders;;;;
674;camera shots_Sub_674;01:06:32:19;citizen4;;;;
675;camera shots_Sub_675;01:06:35:03;citizen4;mod_f;Wilders;;
676;camera shots_Sub_676;01:06:40:01;Wilders;;;;
677;camera shots_Sub_677;01:06:49:04;citizen4;;;;
678;camera shots_Sub_678;01:06:53:15;Wilders;;;;
679;camera shots_Sub_679;01:06:59:10;citizen4;;;;
680;camera shots_Sub_680;01:07:03:15;Wilders;;;;
681;camera shots_Sub_681;01:07:06:00;mod_f;;;;
682;camera shots_Sub_682;01:07:08:14;citizen4;;;;
683;camera shots_Sub_683;01:07:12:23;Wilders;;;;
684;camera shots_Sub_684;01:07:18:02;citizen4;;;;
685;camera shots_Sub_685;01:07:22:04;Wilders;;;;
686;camera shots_Sub_686;01:07:28:13;citizen4;mod_f;Wilders;;
687;camera shots_Sub_687;01:07:31:13;citizen4;;;;
688;camera shots_Sub_688;01:07:35:03;Wilders;;;;
689;camera shots_Sub_689;01:07:36:00;;;;groupshot;
690;camera shots_Sub_690;01:07:43:19;mod_f;;;;
691;camera shots_Sub_691;01:08:40:10;Hoekstra;;;;
692;camera shots_Sub_692;01:08:43:22;Klaver;;;;
693;camera shots_Sub_693;01:08:46:18;mod_f;;;;
694;camera shots_Sub_694;01:08:55:17;;;;groupshot;
695;camera shots_Sub_695;01:08:58:09;mod_m;;;;
696;camera shots_Sub_696;01:09:01:09;;;;groupshot;
697;camera shots_Sub_697;01:09:06:24;Rutte;;;;
698;camera shots_Sub_698;01:09:22:08;Hoekstra;Rutte;Wilders;;
699;camera shots_Sub_699;01:09:27:10;;;;groupshot;
700;camera shots_Sub_700;01:09:30:07;Kaag;;;;
701;camera shots_Sub_701;01:09:43:12;Wilders;;;;
702;camera shots_Sub_702;01:10:00:23;Rutte;;;;
703;camera shots_Sub_703;01:10:04:08;Wilders;;;;
704;camera shots_Sub_704;01:10:12:24;Klaver;;;;
705;camera shots_Sub_705;01:10:16:23;Marijnissen;;;;
706;camera shots_Sub_706;01:10:29:20;Rutte;;;;
707;camera shots_Sub_707;01:10:34:07;Marijnissen;;;;
708;camera shots_Sub_708;01:10:40:01;Rutte;Wilders;mod_m;;
709;camera shots_Sub_709;01:10:44:14;Marijnissen;;;;
710;camera shots_Sub_710;01:10:55:03;;;;groupshot;
711;camera shots_Sub_711;01:10:59:18;Klaver;;;;
712;camera shots_Sub_712;01:11:13:15;Hoekstra;;;;
713;camera shots_Sub_713;01:11:18:00;Klaver;;;;
714;camera shots_Sub_714;01:11:26:03;Marijnissen;Klaver;;;
715;camera shots_Sub_715;01:11:30:06;mod_m;;;;
716;camera shots_Sub_716;01:11:32:05;Hoekstra;;;;
717;camera shots_Sub_717;01:11:54:07;Klaver;;;;
718;camera shots_Sub_718;01:11:58:18;Hoekstra;;;;
719;camera shots_Sub_719;01:12:11:01;;;;groupshot;
720;camera shots_Sub_720;01:12:16:00;Rutte;;;;
721;camera shots_Sub_721;01:12:20:22;Rutte;Wilders;;;
722;camera shots_Sub_722;01:12:25:15;Rutte;;;;
723;camera shots_Sub_723;01:12:35:07;Hoekstra;Rutte;Wilders;;
724;camera shots_Sub_724;01:12:40:00;mod_m;;;;
725;camera shots_Sub_725;01:12:43:07;Hoekstra;;;;
726;camera shots_Sub_726;01:12:46:07;Rutte;Wilders;;faces in background;
727;camera shots_Sub_727;01:12:50:08;Rutte;;;;
728;camera shots_Sub_728;01:13:02:22;Klaver;;;faces in background;
729;camera shots_Sub_729;01:13:07:00;Rutte;;;;
730;camera shots_Sub_730;01:13:12:01;mod_m;;;faces in background;
731;camera shots_Sub_731;01:13:21:15;Rutte;Wilders;mod_m;faces in background;
732;camera shots_Sub_732;01:13:26:05;Rutte;;;;
733;camera shots_Sub_733;01:13:29:08;Hoekstra;;;faces in background;
734;camera shots_Sub_734;01:13:37:17;Rutte;;;;
735;camera shots_Sub_735;01:13:41:07;Hoekstra;;;faces in background;
736;camera shots_Sub_736;01:13:43:22;Klaver;;;faces in background;
737;camera shots_Sub_737;01:13:46:03;;;;groupshot;
738;camera shots_Sub_738;01:13:51:23;Rutte;;;;
739;camera shots_Sub_739;01:13:55:09;Marijnissen;;;;
740;camera shots_Sub_740;01:13:59:22;Rutte;;;;
741;camera shots_Sub_741;01:14:02:07;Hoekstra;;;faces in background;
742;camera shots_Sub_742;01:14:05:14;mod_m;;;faces in background;
743;camera shots_Sub_743;01:14:08:05;Rutte;;;;
744;camera shots_Sub_744;01:14:11:15;mod_m;;;faces in background;
745;camera shots_Sub_745;01:14:15:10;;;;groupshot;
746;camera shots_Sub_746;01:14:20:11;Marijnissen;;;;
747;camera shots_Sub_747;01:14:24:19;Hoekstra;Rutte;;faces in background;
748;camera shots_Sub_748;01:14:28:21;Marijnissen;;;;
749;camera shots_Sub_749;01:14:34:04;Rutte;;;faces in background;
750;camera shots_Sub_750;01:14:37:05;Marijnissen;Klaver;;faces in background;
751;camera shots_Sub_751;01:14:41:16;Hoekstra;;;faces in background;
752;camera shots_Sub_752;01:14:45:13;Marijnissen;;;;
753;camera shots_Sub_753;01:14:49:12;Hoekstra;;;faces in background;
754;camera shots_Sub_754;01:14:53:08;Wilders;mod_m;Marijnissen;faces in background;
755;camera shots_Sub_755;01:14:56:07;Rutte;;;;
756;camera shots_Sub_756;01:14:58:21;Hoekstra;;;faces in background;
757;camera shots_Sub_757;01:15:03:06;Marijnissen;;;;
758;camera shots_Sub_758;01:15:06:20;Klaver;;;faces in background;
759;camera shots_Sub_759;01:15:09:10;;;;groupshot;
760;camera shots_Sub_760;01:15:12:07;Rutte;;;;
761;camera shots_Sub_761;01:15:17:06;Marijnissen;;;;
762;camera shots_Sub_762;01:15:19:19;;;;groupshot;
763;camera shots_Sub_763;01:15:22:17;Rutte;;;;
764;camera shots_Sub_764;01:15:24:15;mod_m;;;faces in background;
765;camera shots_Sub_765;01:15:27:03;Hoekstra;;;faces in background;
766;camera shots_Sub_766;01:15:29:18;Marijnissen;;;;
767;camera shots_Sub_767;01:15:37:20;;;;groupshot;
768;camera shots_Sub_768;01:15:43:14;Wilders;;;;
769;camera shots_Sub_769;01:15:49:17;Hoekstra;Rutte;Wilders;faces in background;
770;camera shots_Sub_770;01:15:53:07;Rutte;;;faces in background;
771;camera shots_Sub_771;01:15:56:24;Hoekstra;Rutte;Wilders;faces in background;
772;camera shots_Sub_772;01:16:00:21;Wilders;;;faces in background;
773;camera shots_Sub_773;01:16:06:01;;;;groupshot;
774;camera shots_Sub_774;01:16:09:18;Wilders;;;;
775;camera shots_Sub_775;01:16:17:09;Hoekstra;Rutte;Wilders;;
776;camera shots_Sub_776;01:16:20:03;Hoekstra;;;;
777;camera shots_Sub_777;01:16:27:02;Hoekstra;Rutte;Wilders;;
778;camera shots_Sub_778;01:16:42:20;mod_m;;;;
779;camera shots_Sub_779;01:16:46:17;Kaag;;;;
780;camera shots_Sub_780;01:16:49:12;Marijnissen;;;;
781;camera shots_Sub_781;01:16:57:21;mod_m;;;;
782;camera shots_Sub_782;01:17:01:13;Kaag;;;;
783;camera shots_Sub_783;01:17:07:18;;;;groupshot;
784;camera shots_Sub_784;01:17:10:02;Kaag;;;;
785;camera shots_Sub_785;01:17:12:05;mod_m;;;;
786;camera shots_Sub_786;01:17:19:02;Marijnissen;Klaver;;;
787;camera shots_Sub_787;01:17:22:13;Klaver;;;;
788;camera shots_Sub_788;01:17:27:12;Rutte;;;;
789;camera shots_Sub_789;01:17:30:18;Klaver;;;;
790;camera shots_Sub_790;01:17:40:01;;;;groupshot;
791;camera shots_Sub_791;01:17:45:02;Rutte;;;;
792;camera shots_Sub_792;01:17:51:07;Klaver;;;;
793;camera shots_Sub_793;01:17:56:01;Rutte;;;;
794;camera shots_Sub_794;01:18:01:13;;;;groupshot;
795;camera shots_Sub_795;01:18:05:21;Rutte;;;;
796;camera shots_Sub_796;01:18:14:00;mod_m;Marijnissen;Klaver;;
797;camera shots_Sub_797;01:18:18:18;Rutte;;;;
798;camera shots_Sub_798;01:18:21:07;Klaver;;;;
799;camera shots_Sub_799;01:18:25:23;Rutte;;;;
800;camera shots_Sub_800;01:18:30:07;mod_m;;;;
801;camera shots_Sub_801;01:18:34:09;Hoekstra;;;;
802;camera shots_Sub_802;01:18:42:04;Klaver;;;;
803;camera shots_Sub_803;01:18:46:13;Hoekstra;;;;
804;camera shots_Sub_804;01:18:49:03;Marijnissen;;;;
805;camera shots_Sub_805;01:18:51:09;Hoekstra;;;;
806;camera shots_Sub_806;01:18:53:16;Klaver;;;;
807;camera shots_Sub_807;01:18:58:07;Marijnissen;;;;
808;camera shots_Sub_808;01:19:02:04;Hoekstra;;;;
809;camera shots_Sub_809;01:19:10:06;Marijnissen;;;;
810;camera shots_Sub_810;01:19:13:12;Klaver;;;;
811;camera shots_Sub_811;01:19:16:13;;;;groupshot;
812;camera shots_Sub_812;01:19:19:02;Marijnissen;;;;
813;camera shots_Sub_813;01:19:27:09;Hoekstra;;;;
814;camera shots_Sub_814;01:20:18:23;;;;groupshot;
815;camera shots_Sub_815;01:20:22:15;mod_f;;;;
816;camera shots_Sub_816;01:20:36:02;citizen5;Klaver;;;
817;camera shots_Sub_817;01:20:48:12;citizen5;;;;
818;camera shots_Sub_818;01:20:57:06;Klaver;;;;
819;camera shots_Sub_819;01:21:03:11;citizen5;;;;
820;camera shots_Sub_820;01:21:08:11;citizen5;mod_f;Klaver;;
821;camera shots_Sub_821;01:21:11:22;citizen5;;;;
822;camera shots_Sub_822;01:21:18:12;Klaver;;;;
823;camera shots_Sub_823;01:21:21:16;citizen5;;;;
824;camera shots_Sub_824;01:21:25:24;Kaag;;;;
825;camera shots_Sub_825;01:21:39:05;citizen5;mod_f;Klaver;;
826;camera shots_Sub_826;01:21:43:09;Klaver;;;;
827;camera shots_Sub_827;01:21:48:02;citizen5;mod_f;Klaver;;
828;camera shots_Sub_828;01:21:54:16;citizen5;;;;
829;camera shots_Sub_829;01:21:57:23;Klaver;;;;
830;camera shots_Sub_830;01:22:06:18;citizen5;Wilders;;;
831;camera shots_Sub_831;01:22:10:13;citizen5;;;;
832;camera shots_Sub_832;01:22:16:04;Klaver;;;;
833;camera shots_Sub_833;01:22:20:22;citizen5;;;;
834;camera shots_Sub_834;01:22:26:01;citizen5;mod_f;Klaver;;
835;camera shots_Sub_835;01:22:32:05;Klaver;;;;
836;camera shots_Sub_836;01:22:37:14;citizen5;;;;
837;camera shots_Sub_837;01:22:41:09;Klaver;;;;
838;camera shots_Sub_838;01:22:44:07;citizen5;;;;
839;camera shots_Sub_839;01:22:52:18;Klaver;;;;
840;camera shots_Sub_840;01:22:55:22;citizen5;;;;
841;camera shots_Sub_841;01:22:59:11;Hoekstra;Rutte;;;
842;camera shots_Sub_842;01:23:05:03;citizen5;mod_f;Klaver;;
843;camera shots_Sub_843;01:23:09:16;Klaver;;;;
844;camera shots_Sub_844;01:23:14:06;citizen5;;;;
845;camera shots_Sub_845;01:23:19:07;Klaver;;;;
846;camera shots_Sub_846;01:23:25:01;mod_f;;;;
847;camera shots_Sub_847;01:23:31:16;citizen5;mod_f;Klaver;;
848;camera shots_Sub_848;01:23:35:16;Klaver;;;;
849;camera shots_Sub_849;01:23:40:22;citizen5;;;;
850;camera shots_Sub_850;01:23:49:05;Klaver;;;;
851;camera shots_Sub_851;01:23:53:04;citizen5;;;;
852;camera shots_Sub_852;01:23:58:14;Klaver;;;;
853;camera shots_Sub_853;01:24:02:17;citizen5;;;;
854;camera shots_Sub_854;01:24:06:18;Klaver;;;;
855;camera shots_Sub_855;01:24:25:11;citizen5;;;;
856;camera shots_Sub_856;01:24:28:13;mod_f;mod_m;;;
857;camera shots_Sub_857;01:24:44:21;Marijnissen;;;;
858;camera shots_Sub_858;01:25:00:03;;;;groupshot;
859;camera shots_Sub_859;01:25:43:12;mod_f;mod_m;;;
860;camera shots_Sub_860;01:25:47:13;;;;film;
861;camera shots_Sub_861;01:25:59:04;citizen6;mod_f;Marijnissen;;
862;camera shots_Sub_862;01:26:03:21;citizen6;;;;
863;camera shots_Sub_863;01:26:10:16;Marijnissen;;;;
864;camera shots_Sub_864;01:26:16:03;citizen6;;;;
865;camera shots_Sub_865;01:26:20:18;citizen6;mod_f;Marijnissen;;
866;camera shots_Sub_866;01:26:36:09;Marijnissen;;;;
867;camera shots_Sub_867;01:26:41:01;citizen6;;;;
868;camera shots_Sub_868;01:26:44:07;citizen6;mod_f;Marijnissen;;
869;camera shots_Sub_869;01:26:49:15;citizen6;;;;
870;camera shots_Sub_870;01:26:53:21;Marijnissen;;;;
871;camera shots_Sub_871;01:27:01:00;citizen6;mod_f;Marijnissen;;
872;camera shots_Sub_872;01:27:04:17;Marijnissen;;;;
873;camera shots_Sub_873;01:27:08:08;citizen6;;;;
874;camera shots_Sub_874;01:27:12:11;Rutte;;;;
875;camera shots_Sub_875;01:27:17:20;Marijnissen;;;;
876;camera shots_Sub_876;01:27:22:07;citizen6;;;;
877;camera shots_Sub_877;01:27:26:01;citizen6;mod_f;Marijnissen;;
878;camera shots_Sub_878;01:27:30:18;Marijnissen;;;;
879;camera shots_Sub_879;01:27:35:19;citizen6;;;;
880;camera shots_Sub_880;01:27:39:13;Marijnissen;;;;
881;camera shots_Sub_881;01:27:45:10;citizen6;;;;
882;camera shots_Sub_882;01:27:51:23;citizen6;mod_f;Marijnissen;;
883;camera shots_Sub_883;01:27:54:14;Marijnissen;;;;
884;camera shots_Sub_884;01:28:01:20;mod_f;;;;
885;camera shots_Sub_885;01:28:04:02;Marijnissen;;;;
886;camera shots_Sub_886;01:28:07:00;mod_f;;;;
887;camera shots_Sub_887;01:28:14:04;citizen6;;;;
888;camera shots_Sub_888;01:28:18:10;Marijnissen;;;;
889;camera shots_Sub_889;01:28:27:21;citizen6;mod_f;Marijnissen;;
890;camera shots_Sub_890;01:28:31:21;Marijnissen;;;;
891;camera shots_Sub_891;01:28:35:10;citizen6;;;;
892;camera shots_Sub_892;01:28:40:00;citizen6;mod_f;Marijnissen;;
893;camera shots_Sub_893;01:28:43:08;mod_f;;;;
894;camera shots_Sub_894;01:28:47:03;Marijnissen;;;;
895;camera shots_Sub_895;01:28:50:10;mod_f;;;;
896;camera shots_Sub_896;01:29:03:16;citizen6;;;;
897;camera shots_Sub_897;01:29:09:06;Marijnissen;;;;
898;camera shots_Sub_898;01:29:12:08;citizen6;mod_f;Marijnissen;;
899;camera shots_Sub_899;01:29:16:20;Rutte;;;;
900;camera shots_Sub_900;01:29:23:07;Klaver;;;;
901;camera shots_Sub_901;01:29:27:00;Marijnissen;;;;
902;camera shots_Sub_902;01:29:32:20;Kaag;;;;
903;camera shots_Sub_903;01:29:36:08;Marijnissen;;;;
904;camera shots_Sub_904;01:29:39:20;citizen6;;;;
905;camera shots_Sub_905;01:29:46:14;Marijnissen;;;;
906;camera shots_Sub_906;01:29:49:23;citizen6;;;;
907;camera shots_Sub_907;01:29:53:19;citizen6;mod_f;Marijnissen;;
908;camera shots_Sub_908;01:30:01:18;Marijnissen;;;;
909;camera shots_Sub_909;01:30:13:05;citizen6;;;;
910;camera shots_Sub_910;01:30:23:09;Marijnissen;;;;
911;camera shots_Sub_911;01:31:30:12;;;;groupshot;
912;camera shots_Sub_912;01:31:35:04;mod_f;;;;
913;camera shots_Sub_913;01:31:37:10;;;;groupshot;
914;camera shots_Sub_914;01:31:40:01;Rutte;;;;
915;camera shots_Sub_915;01:31:47:01;Klaver;;;;
916;camera shots_Sub_916;01:32:05:09;;;;groupshot;
917;camera shots_Sub_917;01:32:09:07;Hoekstra;;;;
918;camera shots_Sub_918;01:32:15:20;Kaag;;;;
919;camera shots_Sub_919;01:32:20:12;Hoekstra;;;;
920;camera shots_Sub_920;01:32:36:10;;;;groupshot;
921;camera shots_Sub_921;01:32:40:21;Kaag;;;;
922;camera shots_Sub_922;01:32:51:13;mod_m;Marijnissen;Kaag;;
923;camera shots_Sub_923;01:32:55:03;Kaag;;;;
924;camera shots_Sub_924;01:32:58:09;Hoekstra;;;;
925;camera shots_Sub_925;01:33:03:13;Kaag;;;;
926;camera shots_Sub_926;01:33:16:13;;;;groupshot;
927;camera shots_Sub_927;01:33:19:24;Wilders;;;;
928;camera shots_Sub_928;01:33:28:14;Hoekstra;Rutte;Wilders;;
929;camera shots_Sub_929;01:33:32:08;Wilders;;;;
930;camera shots_Sub_930;01:33:35:01;Hoekstra;;;;
931;camera shots_Sub_931;01:33:40:13;Hoekstra;Rutte;Wilders;;
932;camera shots_Sub_932;01:33:44:10;Wilders;;;;
933;camera shots_Sub_933;01:33:55:18;;;;groupshot;
934;camera shots_Sub_934;01:33:58:19;Marijnissen;;;;
935;camera shots_Sub_935;01:34:03:23;Kaag;;;;
936;camera shots_Sub_936;01:34:08:23;Marijnissen;Klaver;;;
937;camera shots_Sub_937;01:34:13:01;Marijnissen;;;;
938;camera shots_Sub_938;01:34:19:01;Kaag;;;;
939;camera shots_Sub_939;01:34:22:00;Marijnissen;;;;
940;camera shots_Sub_940;01:34:25:07;Kaag;Klaver;;;
941;camera shots_Sub_941;01:34:29:18;mod_m;;;;
942;camera shots_Sub_942;01:34:51:10;;;;groupshot;
943;camera shots_Sub_943;01:34:58:09;Rutte;;;;
944;camera shots_Sub_944;01:35:02:06;Kaag;;;;
945;camera shots_Sub_945;01:35:12:03;;;;groupshot;
946;camera shots_Sub_946;01:35:14:22;Klaver;;;;
947;camera shots_Sub_947;01:35:17:05;mod_m;;;;
948;camera shots_Sub_948;01:35:19:03;Marijnissen;Klaver;;;
949;camera shots_Sub_949;01:35:21:24;Wilders;;;;
950;camera shots_Sub_950;01:35:32:03;mod_m;;;;
951;camera shots_Sub_951;01:35:36:09;Klaver;;;;
952;camera shots_Sub_952;01:35:42:23;Marijnissen;Klaver;Kaag;;
953;camera shots_Sub_953;01:35:46:07;Klaver;;;;
954;camera shots_Sub_954;01:35:54:13;;;;groupshot;
955;camera shots_Sub_955;01:35:58:11;Klaver;;;;
956;camera shots_Sub_956;01:36:00:01;Rutte;;;;
957;camera shots_Sub_957;01:36:04:09;Klaver;;;;
958;camera shots_Sub_958;01:36:12:11;mod_m;;;;
959;camera shots_Sub_959;01:36:15:15;Kaag;;;;
960;camera shots_Sub_960;01:36:19:14;Marijnissen;Klaver;Kaag;;
961;camera shots_Sub_961;01:36:26:07;Marijnissen;;;;
962;camera shots_Sub_962;01:36:30:10;Kaag;;;;
963;camera shots_Sub_963;01:36:32:23;Hoekstra;;;;
964;camera shots_Sub_964;01:36:36:00;Rutte;;;;
965;camera shots_Sub_965;01:36:42:09;Kaag;;;;
966;camera shots_Sub_966;01:36:45:08;;;;groupshot;
967;camera shots_Sub_967;01:36:48:21;Kaag;;;;
968;camera shots_Sub_968;01:36:57:17;Hoekstra;;;;
969;camera shots_Sub_969;01:37:02:05;Kaag;;;;
970;camera shots_Sub_970;01:37:06:06;Klaver;;;;
971;camera shots_Sub_971;01:37:08:08;Kaag;;;;
972;camera shots_Sub_972;01:37:11:12;mod_m;;;;
973;camera shots_Sub_973;01:37:14:07;;;;groupshot;
974;camera shots_Sub_974;01:37:16:13;Kaag;;;;
975;camera shots_Sub_975;01:37:19:15;Marijnissen;;;;
976;camera shots_Sub_976;01:37:21:18;mod_m;Klaver;Kaag;;
977;camera shots_Sub_977;01:37:23:16;Kaag;;;;
978;camera shots_Sub_978;01:37:30:16;Rutte;;;;
979;camera shots_Sub_979;01:37:35:15;Hoekstra;;;;
980;camera shots_Sub_980;01:37:39:13;;;;groupshot;
981;camera shots_Sub_981;01:37:45:11;Kaag;;;faces in background;
982;camera shots_Sub_982;01:37:52:01;Hoekstra;;;faces in background;
983;camera shots_Sub_983;01:37:58:20;Kaag;;;faces in background;
984;camera shots_Sub_984;01:38:05:06;;;;groupshot;
985;camera shots_Sub_985;01:38:09:14;Wilders;;;faces in background;
986;camera shots_Sub_986;01:38:14:01;Wilders;mod_m;;faces in background;
987;camera shots_Sub_987;01:38:19:13;Rutte;;;faces in background;
988;camera shots_Sub_988;01:38:23:23;Wilders;;;faces in background;
989;camera shots_Sub_989;01:38:31:14;Wilders;;;;
990;camera shots_Sub_990;01:38:34:14;;;;groupshot;
991;camera shots_Sub_991;01:38:38:04;Rutte;;;faces in background;
992;camera shots_Sub_992;01:38:41:00;Wilders;;;faces in background;
993;camera shots_Sub_993;01:38:44:15;Kaag;;;;
994;camera shots_Sub_994;01:38:48:08;Rutte;;;faces in background;
995;camera shots_Sub_995;01:38:50:11;Wilders;;;faces in background;
996;camera shots_Sub_996;01:39:00:03;Wilders;;;faces in background;
997;camera shots_Sub_997;01:39:03:14;Rutte;;;faces in background;
998;camera shots_Sub_998;01:39:11:04;;;;;
999;camera shots_Sub_999;01:39:15:01;Rutte;;;faces in background;
1000;camera shots_Sub_1000;01:39:22:03;Wilders;;;faces in background;
1001;camera shots_Sub_1001;01:39:27:05;Rutte;;;faces in background;
1002;camera shots_Sub_1002;01:39:30:22;Wilders;;;faces in background;
1003;camera shots_Sub_1003;01:39:36:03;Rutte;;;faces in background;
1004;camera shots_Sub_1004;01:39:41:21;Wilders;;;faces in background;
1005;camera shots_Sub_1005;01:39:44:16;Rutte;;;faces in background;
1006;camera shots_Sub_1006;01:39:47:24;Wilders;;;faces in background;
1007;camera shots_Sub_1007;01:39:51:09;Klaver;;;faces in background;
1008;camera shots_Sub_1008;01:39:55:00;;;;groupshot;
1009;camera shots_Sub_1009;01:39:59:24;Rutte;;;faces in background;
1010;camera shots_Sub_1010;01:40:07:12;Wilders;;;faces in background;
1011;camera shots_Sub_1011;01:40:10:03;Marijnissen;;;;
1012;camera shots_Sub_1012;01:40:13:05;Rutte;;;faces in background;
1013;camera shots_Sub_1013;01:40:18:14;Wilders;;;;
1014;camera shots_Sub_1014;01:40:24:03;Marijnissen;;;;
1015;camera shots_Sub_1015;01:40:36:18;;;;groupshot;
1016;camera shots_Sub_1016;01:40:42:22;Marijnissen;;;;
1017;camera shots_Sub_1017;01:40:48:12;;;;groupshot;
1018;camera shots_Sub_1018;01:40:51:21;mod_m;;;;
1019;camera shots_Sub_1019;01:40:57:16;Wilders;;;;
1020;camera shots_Sub_1020;01:41:01:04;Marijnissen;;;;
1021;camera shots_Sub_1021;01:41:05:04;Klaver;;;faces in background;
1022;camera shots_Sub_1022;01:41:08:18;Marijnissen;;;;
1023;camera shots_Sub_1023;01:41:11:21;mod_m;;;faces in background;
1024;camera shots_Sub_1024;01:41:15:07;Marijnissen;;;;
1025;camera shots_Sub_1025;01:41:19:19;Kaag;;;;
1026;camera shots_Sub_1026;01:41:24:23;Marijnissen;Klaver;;faces in background;
1027;camera shots_Sub_1027;01:41:27:24;Kaag;;;;
1028;camera shots_Sub_1028;01:41:31:23;mod_m;;;faces in background;
1029;camera shots_Sub_1029;01:41:40:16;;;;;
1030;camera shots_Sub_1030;01:41:44:07;Klaver;;;faces in background;
1031;camera shots_Sub_1031;01:41:47:22;Marijnissen;Klaver;;faces in background;
1032;camera shots_Sub_1032;01:41:50:18;Kaag;;;;
1033;camera shots_Sub_1033;01:41:54:02;Klaver;;;;
1034;camera shots_Sub_1034;01:41:57:09;Rutte;;;faces in background;
1035;camera shots_Sub_1035;01:42:07:18;Wilders;;;faces in background;
1036;camera shots_Sub_1036;01:42:11:00;Klaver;;;faces in background;
1037;camera shots_Sub_1037;01:42:17:17;;;;groupshot;
1038;camera shots_Sub_1038;01:42:33:05;Wilders;;;;
1039;camera shots_Sub_1039;01:42:37:18;Hoekstra;;;;
1040;camera shots_Sub_1040;01:42:44:10;;;;groupshot;
1041;camera shots_Sub_1041;01:42:46:23;Hoekstra;;;;
1042;camera shots_Sub_1042;01:42:50:24;mod_m;Marijnissen;;;
1043;camera shots_Sub_1043;01:43:17:09;;;;groupshot;
1044;camera shots_Sub_1044;01:43:23:11;Kaag;;;;
1045;camera shots_Sub_1045;01:43:25:07;;;;groupshot;
1046;camera shots_Sub_1046;01:43:27:17;Hoekstra;;;;
1047;camera shots_Sub_1047;01:43:29:12;Kaag;;;;
1048;camera shots_Sub_1048;01:43:33:11;;;;groupshot;
1049;camera shots_Sub_1049;01:43:36:20;mod_f;mod_m;;;
1050;camera shots_Sub_1050;01:43:41:12;Marijnissen;;;;
1051;camera shots_Sub_1051;01:43:43:22;Hoekstra;;;;
1052;camera shots_Sub_1052;01:43:46:17;mod_f;mod_m;;;
1053;camera shots_Sub_1053;01:44:03:17;;;;groupshot;
;;;;;;;
